dummy 1,dummy 2,dummy 3,dummy 4,dummy 5,dummy 6,dummy 7,dummy 8
dummy 2,dummy 3,dummy 4,dummy 5,dummy 6,dummy 7,dummy 8,dummy 9
dummy 3,dummy 4,dummy 5,dummy 6,dummy 7,dummy 8,dummy 9,dummy 10
dummy 4,dummy 5,dummy 6,dummy 7,dummy 8,dummy 9,dummy 10,dummy 11
dummy 5,dummy 6,dummy 7,dummy 8,dummy 9,dummy 10,dummy 11,dummy 12
dummy 6,dummy 7,dummy 8,dummy 9,dummy 10,dummy 11,dummy 12,dummy 13
dummy 7,dummy 8,dummy 9,dummy 10,dummy 11,dummy 12,dummy 13,dummy 14
dummy 8,dummy 9,dummy 10,dummy 11,dummy 12,dummy 13,dummy 14,dummy 15
dummy 9,dummy 10,dummy 11,dummy 12,dummy 13,dummy 14,dummy 15,dummy 16
dummy 10,dummy 11,dummy 12,dummy 13,dummy 14,dummy 15,dummy 16,dummy 17
dummy 11,dummy 12,dummy 13,dummy 14,dummy 15,dummy 16,dummy 17,dummy 18
dummy 12,dummy 13,dummy 14,dummy 15,dummy 16,dummy 17,dummy 18,dummy 19
dummy 13,dummy 14,dummy 15,dummy 16,dummy 17,dummy 18,dummy 19,dummy 20
dummy 14,dummy 15,dummy 16,dummy 17,dummy 18,dummy 19,dummy 20,dummy 21
dummy 15,dummy 16,dummy 17,dummy 18,dummy 19,dummy 20,dummy 21,dummy 22
dummy 16,dummy 17,dummy 18,dummy 19,dummy 20,dummy 21,dummy 22,dummy 23
